hotel_name,fixed_price,recomendation,jr_station
Yunosuke-No-Yado Chorakuen,6575,8.6,Matsue
Sana Inn Town,1557,8.4,Wakayama
IZU KUMAMOTO SUN VILLA,3629,8.7,Shizuoka
Annex Tamayu,974,7.5,Matsue
WPU Shinjuku,4926,8.9,Shinjuku
Daiwa Roynet Hotel Chiba-Chuo,6069,8.8,Chiba
Okayama Koraku Hotel,1807,8.7,Okayama
YONAGO CITYGARDENS HOTEL,2358,7.2,Yonago
APA HOTEL KYOTO EKIMAE CHUOGUCHI,5789,8,Kyoto
APA Hotel Chibachuo Ekimae,1807,7.6,Chiba
Asukasou Hotel,12207,9.1,Nara
APA Hotel Asakusa-Ekimae,2417,8.8,Tokyo
APA Hotel Hiroshima-Ekimae,1984,7.5,Hiroshima
Almont Inn Nihonbashi,3459,8.6,Tokyo
Ohashikan,3274,9,Matsue
ANA Crowne Plaza Yonago,1563,8.2,Yonago
Hotel Granvia Wakayama,4244,8.4,Wakayama
Shizutetsu Hotel Prezio Shizuoka Ekinan,3502.5,8.4,Shizuoka
APA Hotel Shizuoka Ekikita,1351,7.7,Shizuoka
APA Hotel Haneda Anamoriinari Ekimae,2409,8.1,Tokyo
Ours Inn Hankyu,3027,8.2,Tokyo
Yonago Washington Hotel Plaza,1453,7.9,Yonago
Dormy Inn Kawasaki Natural Hot Spring,3189,8.8,Yokohama
Kyukamura Kishu-Kada,20740,9.3,Wakayama
Hotel Livemax BUDGET Fuji-ekimae,5386,7.1,Fuji
Matsue City Hotel (Annex),1501,6.6,Matsue
Hotel Nishimura,2246,8.3,Fuji
Aburaya,4872,9.2,Fukuchiyama
TRUSTHOTEL,5120,8.6,Hiroshima
GREEN,4661,6.3,Okayama
Kaike Yugetsu,9693,9,Yonago
Fujieda Y-House Youth Hostel,2288,8.3,Shizuoka
Shin-Izumi Goyotei,6683,9,Shizuoka
UNIZO INN Kobe Sannomiya,4859,8.5,Kobe
Kaike Kikunoya,6338,8.8,Yonago
Almont Hotel Nippori,2405,8.8,Tokyo
Shizuoka Hotel Tokinosumika,2272,7.7,Shizuoka
Miroku Nara by THE SHARE HOTELS,7386,8.7,Nara
Hotel Villa Fontaine Kobe-Sannomiya,2551,8.5,Kobe
Toyoko Inn Tenri Ekimae,1773,8.8,Nara
IZU KUMAMOTO ONSEN,3488,8.4,Shizuoka
Tabist Matsuekan,1822,8.3,Matsue
APA Hotel Yodoyabashi Kitahama Ekimae,2000,8.6,Osaka
Recent Culture Hotel,3626,7.5,Okayama
Centurion Hotel&Spa Vintage Kobe,3881,8.3,Kobe
Hotel Sanada,1115,7.2,Yonago
HOTEL LASCALA,1722,8.7,Wakayama
Daiwa Roynet Hotels Wakayama,3125,8.4,Wakayama
Kobe Tor Road Hotel Sanraku,5999,8.3,Kobe
Prince Smart Inn Osaka Yodoyabashi,1680,8.4,Osaka
Goi Grand Hotel,2328,7.8,Chiba
Hotel The Knot Yokohama,5042,8.2,Yokohama
Hotel Route Inn Masuda,10718,8.2,Masuda
Sanco Inn Shizuoka Kitaguchi,1697,8.1,Shizuoka
APA Hotel Kyoto-Ekimae,8207,7.9,Kyoto
Takeuchi Goya,4482,8.1,Chiba
Onyado Nono Kyoto Shichijo Natural Hot Spring,15307,9,Kyoto
Hotel Hankyu RESPIRE OSAKA,4590,8.8,Osaka
APA Hotel Namba Shinsaibashi Higashi,2020,8.5,Osaka
Nara Hotel,4949,8.8,Nara
Ibis Styles Tokyo Bay,9498,8.4,Tokyo
14 Guesthouse Mt.Fuji,1671,8.6,Fuji
Toyoko Inn Hiroshima-eki Shinkansen-guchi No.2,2434,8.2,Hiroshima
Hotel New Hankyu Osaka,4027.5,8.2,Osaka
Mizuho Inn Iwami Masuda - Vacation STAY 17367v,2031,8.8,Masuda
Mikasa Ryokan,8840,8.9,Nara
Vessel Hotel Kakegawa Ekimae,4293,8.6,Shizuoka
Green Hotel Yes Nagakute,1413,8.2,Shizuoka
Okayama Washington Hotel Plaza,2103,7.6,Okayama
Matsunoyu Hotel,4658,8.3,Matsue
Keio Presso Inn Shinjuku,4716,7.9,Shinjuku
Shinyokohama Kokusai Hotel,5518,7.7,Yokohama
IZU KUMAMOTO KOKORO VILLA,4720,8.8,Shizuoka
the b kobe,2084,8.1,Kobe
Hotel Wakow,1364,7.1,Yonago
Hearton Hotel Shinsaibashi Nagahoridori,2400,8.9,Osaka
KOKO HOTEL Kobe Sannomiya,5589,8.3,Kobe
APA Hotel Yamanote Otsukaeki Tower,1999,8.7,Tokyo
Daiwa Roynet Hotel Okayama-Ekimae,1896,8.6,Okayama
HOTEL MYSTAYS Soga,1871,8.2,Chiba
Hotel Keihan Kyoto GRANDE,9932,8.1,Kyoto
WAKAYAMA Beach HOUSE No.10,4371,9.1,Wakayama
Candeo Hotels Kobe Tor road,3703,8.6,Kobe
Dormy Inn Hiroshima,2701,8.3,Hiroshima
Tsukiji Hostel Wakayama 3,2351,9.3,Wakayama
Hotel Areaone Okayama,5028,7.5,Okayama
Mitsui Garden Hotel Yokohama Minatomirai Premier,16035,9.1,Yokohama
Nara Ryokan,4297,8.8,Nara
Dormy Inn Okayama Hot Springs,4126,8.6,Okayama
APA Hotel Asakusabashi Eki-Kita,5359,8.4,Tokyo
Kobe City Gardens Hotel,3984,7.4,Kobe
Hotel Celeste Shizuoka,4650.5,8.6,Shizuoka
Hotel Obana,3788,8.2,Nara
Hanayama Onsen Yakushinoyu,5538,7.5,Wakayama
Hotel Plaza Kobe - Rokko Island,6902,8.1,Kobe
Hotel Pagoda,1072,8.3,Nara
Kobe Motomachi Tokyu REI Hotel,1683,8.6,Kobe
Sotetsu Fresa Inn Kyoto-Hachijoguchi,6525,8.8,Kyoto
Hotel Excellence Kyoto Station Nishi,1984,7.8,Kyoto
IZU KUMAMOTO KOKORO ONSEN,2368,8.6,Shizuoka
APA Hotel Shinosaka eki Tower,2020,8.2,Osaka
Tsukiji Hostel Wakayama 1,2901,9.4,Wakayama
Toyoko Inn Tokyo Asakusa Kuramae No.2,1999,8.7,Tokyo
Nara Royal Hotel,6886,7.8,Nara
APA Hotel Higashi-Nihonbashi-Ekimae,2587,8.3,Tokyo
Kasuien Minami,9759,9,Matsue
THE POCKET HOTEL Kyoto-Shijokarasuma - Private Rooms,3766,9,Kyoto
Sankei City Hotel Chiba,1759,6.6,Chiba
Hotel Route Inn Chiba Hamano - Tokyowangan doro,3189,8.6,Chiba
APA Hotel Kobe-Sannomiya,5359,7.3,Kobe
Hotel Livemax Chiba-ekimae,10246,7.5,Chiba
Keisei Hotel Miramare,6453,8.4,Chiba
The Square Hotel Yokohama Minatomirai,9779,8.6,Yokohama
Kisuien - Vacation STAY 55464v,9784,9.8,Wakayama
AN-GRANDEホテルNara,9479,8.9,Nara
APA Hotel Shinjuku-Gyoemmae,7613,8.1,Shinjuku
Super Hotel Yonago Ekimae,1832,8.1,Yonago
APA Hotel Asakusa Kuramae Ekimae,2197,8.8,Tokyo
Kangaeru Minshuku - Fujieda City,1836,8.9,Shizuoka
Toyoko Inn Chiba Ekimae,2053,7.2,Chiba
Capsule Plus Yokohama Sauna & Capsule,5094,8.2,Yokohama
Hotel Crown Palais Kobe,2962,8.2,Kobe
Hotel kakuban,1152,7.2,Yonago
Joytel Hotel Shinsekai Sakaisujidori,2120,8.6,Osaka
Smile Hotel Nara,3132,8.2,Nara
Chisun Hotel Yokohama Isezakicho,6359,7.9,Yokohama
APA Hotel & Resort Ryogoku Eki Tower,2743,8.5,Tokyo
APA Hotel & Resort Nishishinjuku-Gochome-Eki Tower,7824,8.4,Tokyo
Kakegawa Grand Hotel,2096,7.8,Shizuoka
Fuji Green Hotel - Vacation STAY 18923v,2701,7.8,Fuji
Green Rich Hotel Matsue eki Across Artificial hot spring Futamata Yunohana,2144,8.5,Matsue
APA Hotel Kintetsu Nara Ekimae,5807,8.3,Nara
Daiwa Roynet Hotel Kobe Sannomiya,1772,8.2,Kobe
Kuretake Inn Yaizu Ekimae,1631,7.8,Shizuoka
Tottori Guest House Miraie BASE - Vacation STAY 41214v,1775,9.6,Tottori
APA Hotel Kyoto Ekihigashi,5530,8.8,Kyoto
The QUBE Hotel Chiba - Vacation STAY 02227v,3081,9,Chiba
Sea Queen Kainan,1926,7.5,Wakayama
APA Hotel & Resort Nishishinjuku-Gochome-Eki Tower,7824,8.4,Shinjuku
APA Hotel Nihombashi Bakuroyokoyama Ekimae,2587,8.7,Tokyo
Hotel Monarque Tottori,1772,8,Tottori
Sotetsu Fresa Inn Yokohama Higashiguchi,5372,8.3,Yokohama
Toyoko Inn Shizuoka-eki Minami-guchi,2129.5,7.8,Shizuoka
HOTEL ELDIA Fukuchiyama(Adult Only),2797,5.2,Fukuchiyama
Dormy Inn Osaka Natural Hot Springs (Tanimachi),2400,8.8,Osaka
Onyado Nono Nara Natural Hot Springs,2168,9.1,Nara
ESLEAD HOTEL Namba Daikokucho,2960,8.9,Osaka
Kokusai Hotel Yamaguchi,2077,7.9,Yamaguchi
Kakegawa Station Hotel,2096,7.9,Shizuoka
remm Plus Kobe Sannomiya,7074,8.9,Kobe
Papera Inn,3841,7.7,Shizuoka
Ark Hotel Osaka Shinsaibashi),1870,7.9,Osaka
Business Hotel Ams,1525,10,Fuji
SARASA HOTEL SHIN-OSAKA,1940,8.4,Osaka
Sunhotel Shizuoka,2942,7.7,Shizuoka
Guest House Kobe Nadeshikoya,5209,8.5,Kobe
Itoen Hotel Izukogen Annex,5114,8.8,Shizuoka
Chisun Hotel Hiroshima,2220,8.2,Hiroshima
Hotel Shin Imamiya,1891,7.3,Osaka
Okayama Guesthouse Igusa,1754,8.1,Okayama
APA Hotel Shinjuku-Kabukicho Tower,3189,8,Shinjuku
Tabist International Hotel Kaike,1325,8.3,Yonago
Hospitality Inn Yawatajuku,1259,7.4,Chiba
IZU KUMAMOTO OCEAN VIEW,3529,8.7,Shizuoka
Tottori City Hotel,1116,7.7,Tottori
HOTEL PAR-MAN,2340,7.5,Chiba
KIAN the guest house,2475,9.3,Matsue
Hotel Gyokusen,1985,8.3,Matsue
Hotel Route Inn Houfu Ekimae,2485,7.8,Yamaguchi
Hotel Route-Inn Kakegawa Inter (Hotel Route-Inn Kakegawa Inter),4706,8.4,Shizuoka
Hilton Hiroshima,11077,9,Hiroshima
Waso Mukuge,5846,9.4,Yonago
Grand Park Hotel Panex Chiba,1913,7.7,Chiba
Hotel Kiraku,2372,8.4,Yamaguchi
Hotel Juraku Kobe,20073,9,Kobe
Gunjonoma Yadokari,2325,10,Okayama
Hotel New Moustache,1351,8.1,Shizuoka
GuestHouse AZMO,1949,9.2,Matsue
DEL style Osaka Higashitemma by Daiwa Roynet Hotel,2340,8.9,Osaka
APA Hotel & Resort Osaka Umeda Eki Tower,8414,8.6,Osaka
SK HOTEL Kobe Ekimae,2966,8.8,Kobe
Fukuchiyama Sun Hotel,2210,7.8,Fukuchiyama
Citadines Harbour Front Yokohama,8224,9.1,Yokohama
Tokyo Bay Tokyu Hotel,9622,9.1,Tokyo
Super Hotel JR Fujiekimae Kinenkan,1376,8.1,Fuji
Toyoko Inn Hiroshima-ekimae Ohashi-minami,4287,7.9,Hiroshima
Shizuoka Castle Hotel Sanoharu,1403,7.6,Shizuoka
Candeo Hotels Osaka Namba,3920,8.6,Osaka
APA Hotel Ueno Ekimae,2169,8.5,Tokyo
Sakuragicho Washington Hotel,5325,8.1,Yokohama
Kobe Portopia Hotel,10271,8.6,Kobe
Hotel Water Gate Okayama,1717,8.5,Okayama
Hotel Okura Kobe,8296,8.7,Kobe
Sotetsu Fresa Inn Osaka-Namba,2800,8.8,Osaka
Green Hotel Fukude,1552,8.4,Shizuoka
Hotel Shinwaka Lodge,4716,7.1,Wakayama
Daiwa Roynet Hotel Chiba Ekimae,5359,8.8,Chiba
Hotel Route-Inn Fujieda Ekimae (Hotel Route-Inn Fujieda Ekimae),4250,8.3,Shizuoka
Randor Hotel Hiroshima Prestige,2094,9.1,Hiroshima
APA Hotel Higashi-Shinjuku Kabukicho Higashi,2799,8,Shinjuku
R&B Hotel Shinyokohamaekimae,2571,6.9,Yokohama
Lazy House,3624,7.6,Okayama
ESLEAD HOTEL Osaka Tsuruhashi,2592,9,Osaka
Richmond Hotel Premier Kyoto Ekimae,5605,9.1,Kyoto
Toyoko Inn Shin-fuji-eki Minami-guchi,2046,8.2,Fuji
Tottori Guest House Miraie BASE,1558,8.5,Tottori
Matsue Urban Hotel Lake Inn,1361,6.8,Matsue
Hotel Capsule Inn Shizuoka,780,8.5,Shizuoka
Kyukamura Kishukada,4067,8.3,Wakayama
Katsuragi Ryokan,3481,8.8,Shizuoka
Hotel Livemax Kobe-Sannomiya,4733,7.1,Kobe
Shin Yokohama Prince Hotel,9309,8.1,Yokohama
Hara Business Ryokan,1979,8.8,Wakayama
KURETAKE INN Gotemba Kogen,3836,8.4,Shizuoka
APA Hotel & Resort Roppongi Ekihigashi,2587,8.6,Tokyo
ORDA HOTEL,5385,8.1,Chiba
Hoseikan Hotel,5784,7.6,Matsue
Kawasaki Nikko Hotel,4198,8.4,Yokohama
The Peak Tengachaya,2160,8.6,Osaka
Acro Capsule Hotel Namba Dotonbori,696,9.2,Osaka
Super Hotel Tottori Ekimae,1754,8.3,Tottori
hotel Amanek Kyoto Kawaramachi Gojo,1974,8.5,Kyoto
UNO HOTEL,3999,9.1,Okayama
Itoen Hotel Izukogen Main,4648,8.4,Shizuoka
InterContinental Yokohama Grand,13789,8.6,Yokohama
Sotetsu Grand Fresa Osaka Namba,2000,8.5,Osaka
Hotel Granvia Okayama,3320,8.9,Okayama
one night one view one destiny ichihara,3301,6.5,Chiba
Ariston Hotel Kobe,1630,7.5,Kobe
APA Hotel Namba Kita Shinsaibashi Ekimae,2020,8.2,Osaka
Richmond Hotel premier KYOTO SHIJO,9412,9,Kyoto
Hotel En Michi,4541,8.6,Yokohama
Hotel Okura Kuibu Inn,3260,8,Shizuoka
Yukeikohan Suitenkaku,4422,7.6,Matsue
The OneFive Okayama - Vacation STAY 41846v,3047,10,Okayama
VIA INN PRIME HIROSHIMA SHINKANSENGUCHI - JR WEST GROUP,6144,8.7,Hiroshima
APA Hotel Hiroshima-Ekimae Ohashi,8466,8.3,Hiroshima
APA Hotel TKP Nippori Ekimae,2463,8.6,Tokyo
Wakayama Dai-ni Fuji Hotel,1017,7.4,Wakayama
ANA Crowne Plaza Kobe,7857,8.2,Kobe
Hotel The M's Kyoto,8939,9,Kyoto
SPa Resort Hawaiians Koriyama (HTL 9 Motel),6786,7.7,Shizuoka
Bay Side Square Kaike Hotel,2222,8.5,Yonago
APA Hotel Okayamaekimae,6602,7.7,Okayama
Bon Condominium Umeda,5365,8.5,Osaka
Ryokan Nishi-no-Miyabi Tokiwa,5846,7.5,Yamaguchi
MASCOS HOTEL Masuda Onsen,3347,8.9,Masuda
IZU KUMAMOTO TWIN SUNRISE,2926,8.7,Shizuoka
Candeo Hotels Shimada,1488,7.9,Shizuoka
APA Hotel Tottori-Ekimae,5998,8.1,Tottori
PARK RESORT AOI (PARK RESORT AOI),1895,8.3,Shizuoka
Village Izukogen,5442,8.4,Shizuoka
Kobe Luminous Hotel Sannomiya,5023,8.5,Kobe
Hotel Hanshin Osaka,7582,8.4,Osaka
Ikkenya Tsushima,2253,8.8,Okayama
Hotel Flex Hiroshima,3618,8.1,Hiroshima
Mitsui Garden Hotel Chiba,4007,8.3,Chiba
Hotel Furuiya Ryokan,1789,7,Fuji
IZU KUMAMOTO GUEST VILLA,3343,8.7,Shizuoka
Shogetsu,9693,9.1,Yonago
Wakayama Kada Hot Spring Kada Kaigetsu,10946,8.1,Wakayama
Hotel Fine Tottori Sakyu (Adult Only),1323,7.1,Tottori
Ryotei Yamanoi Hotel,5478,7.8,Matsue
Sea View Court Kobe Apartment,5359,8.7,Kobe
LIBER HOTEL AT UNIVERSAL STUDIO JAPAN,2800,9.1,Osaka
Sotetsu Fresa Inn Nihombashi-Kayabacho,5967,8.5,Tokyo
COCORETO Daikon Island,2533,9.4,Matsue
Seikoen Shizuoka,2659,8.7,Shizuoka
Hotel Landmark Wakayama,2289,8.2,Wakayama
Ueno Hotel,2240,7.7,Tokyo
Hotel Bijou (Adult Only),2877,7.8,Okayama
IZUKOGEN ONSEN ITOEN HOTEL,2385,7.9,Shizuoka
Hotel Avalorm Kinokuni,2121,8.1,Wakayama
Fujimi Ryokan,2250,7.8,Fuji
THE KANZASHI TOKYO ASAKUSA,2618,8.7,Tokyo
HOTEL OLE INN,2517,8.7,Shizuoka
Regariain - Vacation STAY 85012,7239,6.8,Okayama
HOTEL MYSTAYS Hiroshima Peace Park,6091,8.1,Hiroshima
Urban Hotel Kyoto-Nijo Premium,8232,8.4,Kyoto
APA Hotel Shin-Osaka ekimae,8414,8.5,Osaka
Guesthouse Rico,1871,8.8,Wakayama
HOTEL MYSTAYS Yokohama,5488,7.8,Yokohama
APA Hotel Chiba Ekimae,1807,8.3,Chiba
HOTEL LiVEMAX Hiroshima Peace Park Mae,6603,7.7,Hiroshima
Hotel New Tanaka,2515,8.2,Yamaguchi
Hotel Super Tomari,1322,8.7,Shizuoka
Hiroshima Garden Palace,1982,7.7,Hiroshima
APA HOTEL Shinjuku Kabukicho Chuo,3531,8.1,Shinjuku
Ou Hotel,1999,8.1,Yonago
2023Nishitetsu Inn Shinjuku,5669,8.3,Shinjuku
APA Hotel & Resort Tokyo Bay Makuhari,7121,8.2,Tokyo
HOTEL AreaOne SAKAIMINATO MARINA,1472,7.1,Yonago
E-Hotel Higashi Shinjuku Tokyo,13228,7.7,Shinjuku
Notsu Ryokan,7717,8.3,Matsue
Hotel Pearl City Shizuoka,4573,8.3,Shizuoka
Smile Hotel Shizuoka,1897,7.766666667,Shizuoka
Guest house daisho oshiro asobi,2728,9,Matsue
Book And Bed Tokyo Shinjuku,1228,7.7,Tokyo
GUESTHOUSE Fujito Aoi,981,9,Fuji
Dormy Inn Soga Natural Hot Spring,5276,8.1,Chiba
IZU KUMAMOTO VIEW LODGE,2991,8.7,Shizuoka
Hotel New Hankyu Kyoto,8903,8.5,Kyoto
The OneFive Okayama,1553,7.9,Okayama
Yurari Fujisan,4385,9,Shizuoka
The Royal Park Hotel Kyoto Umekoji,3059,8.8,Kyoto
Paltopia Yamaguchi,1618,8.5,Yamaguchi
Hotel Oxio,1763,6.9,Okayama
2023Shinjuku Washington Hotel - Main Building,2976,7.7,Shinjuku
Guest House Tatara,1364,8.9,Yonago
Hotel Pearl City Kobe,3818,7.3,Kobe
Welina Hotel Shinsaibashi NAGOMI,2400,8.5,Osaka
Breezbay Shuzenji Hotel,2283,8.2,Shizuoka
APA Hotel Kyoto-Ekikita,8005,8.3,Kyoto
Guesthouse Hitoyado,1074,8.7,Shizuoka
APA Hotel Ueno Ekikita,5359,7.9,Tokyo
Book And Bed Tokyo Shinjuku,1228,7.7,Shinjuku
TOKYO CITY VIEW HOTEL TABATA-STATION,2464,8,Tokyo
APA Hotel Chiba-Yachiyo-Midorigaoka,1772,7.7,Chiba
Business Hotel Goi Hills,1577,7.2,Chiba
Hotel IL Cuore Namba,2160,8.5,Osaka
Toyoko Inn JR Wakayama-eki Higashi-guchi,2003,7.8,Wakayama
Sotetsu Fresa Inn Hiroshima,1768,8.7,Hiroshima
Vessel Inn Hiroshima Ekimae,1639,8.1,Hiroshima
Kobe Plaza Hotel,2593,8.1,Kobe
APA Hotel Asakusa Kuramae,2175,8,Tokyo
Centurion Hotel Grand Kobe Station,1887,8.4,Kobe
IZU KUMAMOTO SHINRA,3267,8.7,Shizuoka
Hotel M's Plus Shijo Omiya,873,8.5,Kyoto
IZU KUMAMOTO PARADISE,3304,8.7,Shizuoka
Hotel livemax Shinyokohama,9526,7.3,Yokohama
Henn na Hotel Nara,1912,8.6,Nara
Yuda Onsen Yu no Yado Aji no Yado Umenoya,6431,8.3,Yamaguchi
Wakayama Dai-ichi Fuji Hotel,1453,7.3,Wakayama
Hotel Route Inn Ichihara,2644,8.5,Chiba
Wakanoura Nature Resort EPICHARIS,6910,8.6,Wakayama
Daiwa Roynet Hotel Nara Natural Hot Spring,2187,8.7,Nara
GRANDVRIO HOTEL NARA WAKURA,2589,8.5,Nara
Hotel Keihan Kyoto Hachijoguchi,5496,8.5,Kyoto
LiVEMAX Resort Aki Miyajima,6052,7,Hiroshima
APA Hotel Uenohirokoji,2758,8.6,Tokyo
Richmond Hotel Premier Musashikosugi,4716,8.6,Yokohama
Fam - Vacation STAY 70288v,9270,10,Tottori
SK HOTEL,1629,4.6,Chiba
Super Hotel Lohas Ikebukuro-Eki Kitaguchi,2091,8.3,Tokyo
Comfort Hotel Okayama,2176,5.8,Okayama
APA Hotel Asakusa Tawaramachi Ekimae,2197,8.7,Tokyo
Sakura Terrace -Adult Only,5047,8.5,Kyoto
IZU KUMAMOTO SUMMER HOUSE,3367,8.7,Shizuoka
Sarasa Hotel Shinsaibashi,2160,8.5,Osaka
HOTEL TAVINOS ASAKUSA,3823,8.5,Tokyo
Hotel Grand Hills Shizuoka,2480,8.5,Shizuoka
Chisun Inn Chiba Hamano R16,1978,8.1,Chiba
Rakuten STAY HOUSE x WILL STYLE Matsue,5999,8.8,Matsue
Hotel Villa Fontaine Tokyo-Kayabacho,4484,8.1,Tokyo
HOTEL TAVINOS Kyoto,4168,8.7,Kyoto
Smile Hotel Hiroshima,4738,8.9,Hiroshima
Hotel Elcient Kyoto,3929,8.9,Kyoto
Fuji Green Hotel - Vacation STAY 18930v,1701,7.4,Fuji
IZU KUMAMOTO Shizuoka-(IZU KUMAMOTO Shizuoka-Yado),3012,8.3,Shizuoka
Tottori Washington Hotel Plaza,1648,7.9,Tottori
Hotel Valentine (Adult Only)/Vacation STAY A,3031,8.7,Tottori
Kinoya Hostel,1682,9,Fuji
Mizuho Inn Iwami Masuda - Vacation STAY 17364v,2031,8,Masuda
The OneFive Okayama - Vacation STAY 41845v,5944,7.9,Okayama
Hotel Katsuragi,2486,8.5,Shizuoka
Hotel Royal Oak Gotanda,2276,6.9,Tokyo
Hotel Fine Misaki Free Parking(Adult Only),4287,6.6,Wakayama
IZU KUMAMOTO Village,2452,8.8,Shizuoka
Shizutetsu Hotel Prezio Kyoto Karasumaoike,8445,8.9,Kyoto
La Vien Villa,1061,8.2,Shizuoka
Regariain - Vacation STAY 85011,9737,7,Okayama
Wakayama Marina City Hotel,6564,8.1,Wakayama
Yokohama Tokyu REI Hotel,7212,8.7,Yokohama
VIA INN SHINJUKU - JR WEST GROUP,3664,8.3,Shinjuku
N hotel #NL1,2554,7.3,Chiba
HOTEL TO,1496,7,Wakayama
Ryuguden,2264,8.8,Shizuoka
Hotel Edit Yokohama,4888,8.5,Yokohama
Onyado Nono Asakusa Hot Springs,4114,8.9,Tokyo
LANDABOUT TOKYO,5788,8.9,Tokyo
APA Hotel Higashi-Shinjuku-Ekimae,2799,7.7,Shinjuku
Super Hotel Lohas JR Nara Station Natural Hot Spring,1541,8.9,Nara
APA Hotel Kodemmacho-Ekimae,5359,7.8,Tokyo
Charlie's Bed,2038,8.7,Wakayama
Hotel Fine Rokko Kita Ichibanchi,5014,7.9,Kobe
Fuji Green Hotel - Vacation STAY 18926v,2701,7.6,Fuji
Vessel Inn Chiba Ekimae,2392,8.7,Chiba
Via Inn Okayama,2250,8.9,Okayama
Bstudio,7799,9.3,Wakayama
Ginza Capital Hotel Moegi,2480,8.6,Tokyo
Kobe Sannomiya Union Hotel,1260,7.7,Kobe
Hotel Comfact,1805,6.8,Tokyo
Hotel Select Inn Shimada Ekimae,1191,7.5,Shizuoka
Seaside Kancho Ryokan,14597,8,Wakayama
Hotel Sunroute Sopra Kobe,4287,7.9,Kobe
Toyoko Inn Shin-yamaguchi-eki Shinkansen-guchi,1991,7.8,Yamaguchi
Hotel New Otani Tottori,2169,7.8,Tottori
APA Hotel Shinjuku-Gyoemmae,7629,8.1,Tokyo
Vessel Hotel Kurashiki,1866,8,Okayama
Green Rich Hotel Yamaguchi Yuda Onsen,3115,7.8,Yamaguchi
HATAGO INN Shizuoka Yoshida IC,1787.5,8.8,Shizuoka
AB Hotel Nara,1356,8,Nara
Comfort Hotel ERA Kobe Sannomiya,5084,8.4,Kobe
APA Hotel Sugamo Ekimae,6142,8.5,Tokyo
Yudaonsen Ubl Hotel Matsumasa,3391,8.4,Yamaguchi
Daiwa Roynet Hotel Hiroshima,4741,8.3,Hiroshima
Fujieda Park Inn Hotel,1488,7.8,Shizuoka
Hotel Bamboo Garden Shinyokohama,2606,7.7,Yokohama
2023Tokyo Plaza Hotel,2326,7.8,Shinjuku
IROHA GRAND HOTEL Kintetsu-Nara,5401,9,Nara
Piazza Hotel Nara,3309,8.8,Nara
Nest Hotel Osaka Shinsaibashi,1000,7.9,Osaka
IZU 4 SEA BEACH HOTEL,5364,8.3,Shizuoka
GuestHouse AZMO - Vacation STAY 84356v,1972,8.7,Matsue
Hotel Abant Shizuoka,2428.5,7.7,Shizuoka
Nest Hotel Hiroshima Hatchobori,10913,8.3,Hiroshima
Seto Ohashi Onsen Yamakou,1796,7.6,Okayama
Onyado Nono Matsue Hot Spring,2999,8.9,Matsue
Mihokan,2659,6.8,Matsue
JR-EAST HOTEL METS OMORI,3387,9,Tokyo
APA Hotel Osaka-Higobashi-Ekimae,7252,7.9,Osaka
Hotel Monte Hermana Kobe Amalie,2160,8.5,Kobe
Wakayama Green Hotel,1816,6.6,Wakayama
APA Hotel Namba-Eki Higashi,5393,8.5,Osaka
Smile Hotel Wakayama,1564,7.5,Wakayama
Kobe Minato Onsen Ren - Adult Only,5999,8.9,Kobe
THE POCKET HOTEL Kyoto-Karasumagojo - Private Rooms,3976,9,Kyoto
Urban Life Matsuda - Vacation STAY 85183,10784,8.2,Okayama
Solaria Nishitetsu Hotel Kyoto Premier,4961,9,Kyoto
HOTEL ANTEROOM KAKEGAWA,1967.5,8.5,Shizuoka
Hotel Lotus Chiba -Adult Only,1734,7.1,Chiba
,,,Matsue
Sotetsu Fresa Inn Kyoto-Kiyomizu Gojo,5805,9,Kyoto
Tabist HotelNakajima Fuji,1949,6.9,Fuji
HOTEL UNIZO Yokohamaeki-West,5674,8.5,Yokohama
Hotel AreaOne Sakaiminato Marina - Vacation STAY 81704v,1775,6.8,Yonago
Matsue Forest Park,2161,8.8,Matsue
APA Hotel Namba Minami Ebisucho Eki Shinsekai,3585,8.9,Osaka
HOTEL MYSTAYS Shimizu,3721,8.2,Shizuoka
The QUBE Hotel Chiba - Vacation STAY 02241v,4419,8.5,Chiba
Kobe Meriken Park Oriental Hotel),9465,8.6,Kobe
Yaizu City Hotel,1905,7.8,Shizuoka
Hotel 24 NISHI IN Fujisan,2339,7.9,Fuji
Valentine (Adult Only),1029,8.2,Tottori
Suikoen,1715,7.2,Yonago
Manpa Resort,8541,8.8,Wakayama
Toyoko Inn Okayama-eki Nishiguchi Hiroba,1868,7.9,Okayama
Hotel Monterey Kobe,7939,8.5,Kobe
Guest House Tatara - Vacation STAY 61943v,1755,8.2,Yonago
Bon Condominium Namba Ebisu,2222,8.6,Osaka
APA Hotel Asakusa Kaminarimon,5849,8.8,Tokyo
Hotel Sardonyx Ueno,2827,8.6,Tokyo
APA Hotel Asakusa Kaminarimon Minami,2409,8.8,Tokyo
Fujieda House,1582,9,Shizuoka
Natural Hot Spring Hotel LiVEMAX PREMIUM HIROSHIMA,7927,7.7,Hiroshima
2023Sotetsu Fresa Inn Higashi Shinjuku,2962,8.3,Shinjuku
Tottori Guest House Miraie BASE - Vacation STAY 41221v,2807,7.4,Tottori
Matsue Universal Hotel,2103,6.75,Matsue
Shinjuku Washington Hotel - Main Building,7462,7.7,Tokyo
Sotetsu Fresa Inn Tokyo-Kinshicho,2403,8.8,Tokyo
APA Hotel Namba Shinsaibashi Nishi,2020,8.9,Osaka
Hotel Port Plaza Chiba,1772,8.3,Chiba
The Qube Hotel Chiba,2135,8.3,Chiba
The Global hotel Tokyo,1566,7.9,Tokyo
BRENZA HOTEL,1648,8.7,Kobe
Prince Smart Inn Kyoto Shijo Omiya,8649,8.8,Kyoto
Hotel Fine Garden Okayama 1 - Free Parking,11998,7.5,Okayama
Onsen Guesthouse Aobatonosu,2533,8.4,Matsue
Yamaguchi Grand Hotel,2485,7.5,Yamaguchi
Muji House Osaka Sannan Hotel,6384,9,Wakayama
Hotel Casabella Inn Kobe,2302,7.5,Kobe
Hotel Kuretakeso Hiroshima Otemachi,1942,8.5,Hiroshima
Miyajima Coral Hotel,2139,8.4,Hiroshima
Good Bless Garden Sauna&Stay,1228,8.5,Yonago
IZU KUMAMOTO LA SERENA,2714,8.7,Shizuoka
APA Hotel Yokohama Kannai,5435,7.3,Yokohama
Okayama City Hotel Kuwatacho,1830,7.9,Okayama
Cent Core Yamaguchi,2983,8.5,Yamaguchi
Hotel 1-2-3 Shimada,1736,7.9,Shizuoka
APA Hotel Kobe Sannomiya Ekimae,1772,8.2,Kobe
Kaike Fuga,7441,8.2,Yonago
Yakuno House,4872,8.1,Fukuchiyama
Shizutetsu Hotel Prezio Shizuoka-Ekikita,1513,8.2,Shizuoka
Comfort Hotel Shin Yamaguchi,3172,8.1,Yamaguchi
Comfort Hotel Wakayama,3596,8.5,Wakayama
Ibis budget Osaka Umeda,2040,8.3,Osaka
Super Hotel Yamaguchi Yuda Onsen,1648,8.4,Yamaguchi
The Yokohama Bay Hotel Tokyu,13789,8.6,Yokohama
Dormy Inn Kobe Motomachi Natural Hot Springs,3720,8.7,Kobe
Kyoto Crystal Hotel Ⅲ,1831,8.4,Kyoto
Sotetsu Fresa Inn Kawasakieki Higashiguchi,1659,8.2,Yokohama
HOTEL AMUZE SHINYAMAGUCHI,1364,7.7,Yamaguchi
Tamatsukuri Grand Hotel Choseikaku,6711,8.2,Matsue
KYOTO CITY GARDENS HOTEL,3768,7.4,Kyoto
Hakusen,6999,8.8,Yonago
APA Hotel Ochanomizu-Ekikita,5359,8.1,Tokyo
Hotel Imalle Haneda,2144,7.3,Yokohama
Kuretake-Inn Fujisan,1322,7.8,Fuji
Nara Washington Hotel Plaza,3486,7.9,Nara
Business Hotel Katsuya - Vacation STAY 62201v,2386,5,Wakayama
Bespoke Hotel Shinsaibashi,2280,8.6,Osaka
R Inn Fukuchiyama,1356,7.2,Fukuchiyama
Homey Inn Enshu,1450,8.3,Shizuoka
Kaike Grand Hotel Tensui,6339,8,Yonago
Candeo Hotels Ueno-koen,7748,7.7,Tokyo
Tabist Hotel Diana Yachiyodai,1665,6.9,Chiba
Hotel AreaOne Sakaiminato Marina - Vacation STAY 09680v,5846,9.4,Yonago
karaksa hotel grande Shin-Osaka Tower,1658,8.9,Osaka
Mitsui Garden Hotel Hiroshima,5641,8.3,Hiroshima
Hotel Associa Shizuoka,2999,8.7,Shizuoka
Tosei Hotel Cocone Ueno,6309,8.6,Tokyo
Green Rich Hotel Tottoriekimae Artificial hot spring Futamata Yunohana,1400,8.6,Tottori
Hotel Intergate Hiroshima,5805,8.8,Hiroshima
Far East Village Hotel Tokyo Asakusa,6092,8.7,Tokyo
Hotel Select Inn Yaizu Ekimae,1131.5,7.2,Shizuoka
Kyunoju,3053,8.7,Okayama
Sotetsu Fresa Inn Yokohama Totsuka,3165,8,Yokohama
Hotel Nikko Osaka,4800,8.8,Osaka
Yukai Resort Kaike Saichoraku,3670,6.7,Yonago
IZU KUMAMOTO LIDO,3110,8.7,Shizuoka
Hotel Livemax Chiba Minato-ekimae,8321,7.5,Chiba
APA Hotel Ueno Ekiminami,2409,8.7,Tokyo
Hotel livemax Chiba Chuo Ekimae,7888,7.4,Chiba
Sotetsu Fresa Inn Yokohama Sakuragicho,5792,8.4,Yokohama
Dormy inn Ikebukuro Hot Spring,3986,8.7,Tokyo
Kobe Plaza Hotel West,7469,8.6,Kobe
Rakuten STAY HOUSE x WILL STYLE Matsue 102,6317,8.5,Matsue
Hotel Route Inn Yokohama Bashamichi,4385,7.8,Yokohama
Hotel Livemax Yokohama Sutajiamumae,6968,7.5,Yokohama
Hotel Nikko Nara,7554,8.5,Nara
ESLEAD HOTEL Namba South Ⅲ,3466,9,Osaka
Cross Hotel Kyoto,11115,9.2,Kyoto
Kuretake Inn Premium Shizuokaekimae,3876,8.1,Shizuoka
Hotel Shuranza Chiba,1503,8.2,Chiba
Matsue Excel Hotel Tokyu,4503,8.2,Matsue
Tottori Green Hotel Morris,1827,8.8,Tottori
Okayama Universal Hotel Annex,2784,6,Okayama
Hotel Granvia Hiroshima,5547,8.9,Hiroshima
Smile Hotel Yonago,1298,7.1,Yonago
IZU KUMAMOTO VITA,3076,8.7,Shizuoka
Nagi unoport,7932,10,Okayama
The Royal Park Canvas Kobe Sannomiya,6825,8.8,Kobe
Grandvrio Hotel Miyajima Wakura,4283,8.9,Hiroshima
JR-EAST HOTEL METS YOKOHAMA,6002,8.7,Yokohama
Tosei Hotel Cocone Asakusa Kuramae,2332,8.8,Tokyo
Hotel Ichibata,4243,8.2,Matsue
Candeo Hotels Nankai Wakayama,8169,8.8,Wakayama
Hotel Amandi,1563,8.5,Shizuoka
IZU KUMAMOTO ANEX,3782,8.6,Shizuoka
Vessel Hotel Campana Shizuoka Kitakami,3270,8.2,Shizuoka
JR-EAST HOTEL METS YOKOHAMA SAKURAGICHO,6354,8.8,Yokohama
Hiroshima Washington Hotel,4008,8.6,Hiroshima
Toyoko Inn Shizuoka Shimizu Ekimae,2046,8,Shizuoka
Hotel Best Price Kochi,2082,8.2,Shizuoka
Hotel LiveMax Okayama-West,8383,7.7,Okayama
Villa Amagoya,3353,8.7,Shizuoka
APA Hotel Yamaguchi-Hofu,6903,7.6,Yamaguchi
Daiwa Roynet Hotel Kawasaki,5202,8.2,Yokohama
Vessel Inn Yachiyo Katsutadaiekimae,1616,8,Chiba
Kakegawa Station Hotel (Kakegawa Station Hotel),2138,8.2,Shizuoka
UNIZO HOTEL Yokohamaeki-West,5674,8.5,Yokohama
Futagojimasou,2923,7.7,Wakayama
Tabinoyado MatsueGuesthouse,1446,9,Matsue
IZU KUMAMOTO BLUE MARLIN,3452,8.7,Shizuoka
Hotel Wing International Kobe Shinnagata Ekimae,1235,8.3,Kobe
Breezbay Hotel Resort & Spa,5363,7.3,Yokohama
APA Hotel Asakusa Kuramaekita,5359,8.7,Tokyo
Hotel Harvest In Yonago,1525,8.3,Yonago
Kuretake Inn Premium Shizuoka Annex,2082,8.2,Shizuoka
Royal Inn Shin-Yamaguchi Ekimae,1559,7.3,Yamaguchi
Green Rich Hotel Matsue Ekimae,1457,7.5,Matsue
Green Rich Hotel Kobesannomiya Artificial hot spring Futamata Yunohana,2037,8.1,Kobe
Kobe Kitano Hotel,7884,8.5,Kobe
Hotel Route-Inn Kakegawa Ekihigashi,4477,8.5,Shizuoka
Matsue Urban Hotel,2069,7.4,Matsue
Hotel Cordia Osaka,3340,8.9,Osaka
The Peak Shinsaibashi,2280,8.5,Osaka
Shokinkan,2491,8.6,Yonago
Hotel Route Inn Matsue,2999,7.7,Matsue
Hotel S-Plus Hiroshima Peace Park,2619,6.9,Hiroshima
Toyoko Inn Tottori-eki Minami-guchi,1815,7.8,Tottori
Matsue New Urban Hotel,1506,7.7,Matsue
Bon Condo Namba Nipponbashi),5466,8.6,Osaka
APA Hotel Asakusabashi Ekimae,5359,8.7,Tokyo
Hotel Daiei Masuda,2923,7.6,Masuda
APA Hotel Wakayama,1984,7.3,Wakayama
Toyoko Inn Chiba Minato Ekimae,1944,7.8,Chiba
Hotel Route-Inn Fujieda Ekikita,4007,8.1,Shizuoka
Hiroshima Kokusai Hotel,2564,7.4,Hiroshima
Pension Le Passage,2399,9,Tottori
Hotel Resh Tottori Ekimae,1654,7.6,Tottori
2no HOME & PARK,2341,8.9,Kobe
Hotel La Suite Kobe Harborland,5999,9.3,Kobe
2023Pearl Hotel Shinjuku Akebonobashi,5600,8.5,Shinjuku
Ark Hotel Okayama,1786,7.7,Okayama
Hotel Livemax Yokohama Motomachi Ekimae,6281,6.9,Yokohama
Hotel Route Inn Kinokawa,1999,8.3,Wakayama
Ikoitei Kikuman,4474,8.4,Yonago
Toyoko Inn Okayama-eki Nishiguchi-migi,1719,7.5,Okayama
Fuji Green Hotel,1504,7,Fuji
Kobe Sannomiya Tokyu REI Hotel,2104,8.3,Kobe
Hotel Route-Inn Kakegawa Inter,4183,8.4,Shizuoka
Hotel 1-2-3 Kakegawa,1940,8.1,Shizuoka
HOTEL 1-2-3 Fujieda Ekimae,2214,7.8,Shizuoka
hotel atarayo osaka,1290,8.9,Osaka
Daiwa Roynet Hotel Kyoto ekimae PREMIER,7730,9,Kyoto
Oriental Hotel,4999,9.1,Kobe
IZU KUMAMOTO SEASIDE HOTEL,4385,8.5,Shizuoka
Shizuoka Town Hotel,1382,7.6,Shizuoka
Hotel Grand Fuji,2746,9,Fuji
Fujiwara Ryokan,2746,8.8,Shizuoka
Hotel Konigs-Krone Kobe,8033,8.8,Kobe
Guest House esp,1059,8,Tottori
APA HOTEL YODOYABASHIEKIMAE,2020,7.9,Osaka
Kasuitei,3883,8.5,Yonago
Bakery Hotel Chateau Dor,3297,9.1,Nara
Hotel Route Inn Yaizu Inter,3785,8.1,Shizuoka
Itoen Hotel Izukogen,3289,7.9,Shizuoka
Shinjuku Granbell Hotel,2806,8,Shinjuku
Hotel Alpha-One Yamaguchi Inter,2728,7,Yamaguchi
Toyoko Inn Matsue Ekimae,1999,7.6,Matsue
The Deer Park Inn,1518,9.1,Nara
Hotel Wing International Shizuoka,2848.5,8.4,Shizuoka
remm Shin-Osaka,6471,8.6,Osaka
Hotel Livemax Chiba Soga-Ekimae,11075,7.5,Chiba
Matsueshinjiko Onsen Matsue City Hotel Annex,1457,6.8,Matsue
Fujieda Chuo Hotel,1954,7.8,Shizuoka
Hotel Route Inn Fuji Chuo Koen Higashi,2073,8.4,Fuji
Kadensho Arashiyama Onsen Kyoto - Kyoritsu Resort,13021,8.8,Kyoto
Belmont Hotel Tokyo,2345,8,Tokyo
ibis Styles Osaka Namba Hotel,2326,8.2,Osaka
Ibis Styles Kyoto Station,5387,8.5,Kyoto
HARUYA Naramachi,1573,8.3,Nara
Rihga Royal Hotel Hiroshima,8145,8.7,Hiroshima
Hotel Hanshin Annex Osaka,5168,8.8,Osaka
APA Hotel Asakusa Shin Okachimachi Ekimae,2197,8.7,Tokyo
KEIKYU EX INN Akihabara -Tokyo Akihabara,5999,8.9,Tokyo
Kaike Tsuruya Hotel,2339,8.3,Yonago
Hotel Sunroute Sopra Kobe Annesso,3644,8.4,Kobe
Dormy Inn Express Matsue,5214,8.4,Matsue
Capsule&Spa Grand Sauna Shinsaibashi,1080,8.2,Osaka
Eishinan,2526,8.5,Fuji
Hotel Route Inn Shimada Ekimae,2182,7.5,Shizuoka
Mitsui Bekkan,3280,7.8,Yonago
Dormy Inn Ueno Okachimachi Hot Spring,3898,8.6,Tokyo
Sun Palace Hotel,1856.5,8.1,Shizuoka
Far East Village Hotel Yokohama,4277,8.1,Yokohama
APA Hotel Kyoto-Eki-Horikawadori,4517,7.6,Kyoto
Resol no Mori,12137,10,Chiba
Kaichoen,2568,8.5,Yonago
KOKO HOTEL Hiroshima Ekimae,4683,8.6,Hiroshima
IZU KUMAMOTO CAMELOT,3452,8.7,Shizuoka
HOTEL CITY INN WAKAYAMA,1584,7.1,Wakayama
Yokohama Royal Park Hotel,16109,9,Yokohama
APA Hotel Namba-Shinsaibashi,2020,8.1,Osaka
APA Hotel Higashi-Shinjuku Kabukicho,2799,7.7,Shinjuku
Sotetsu Fresa Inn Kobe-Sannomiya,3806,8.4,Kobe
Sotetsu Fresa Inn Kyoto-Shijokarasuma,5169,9,Kyoto
Pals Inn Kakegawa Ekimae,2294,7.4,Shizuoka
Hotel Route Inn Yamaguchi Yuda Onsen,2303,8.4,Yamaguchi
The Global hotel Tokyo,1566,7.9,Shinjuku
Hotel Briller Kyoto Station South,2704,8.4,Kyoto
Hotel Abest grande Okayama,7561,8.8,Okayama
Daiwa Roynet Hotel KOBE-SANNOMIYA PREMIER,6446,8.8,Kobe
Green Rich Hotel Yonagoekimae Artificial hot spring Futamata Yunohana,1577,8.4,Yonago
Kamp Houkan-cho Backpacker's Inn and Lounge,714,8.3,Okayama
Unique joy House,3379,8.6,Okayama
Smile Hotel Okayama,6421,8.3,Okayama
Business Hotel Kawashima,1754,6.9,Wakayama
PG Kuromon,2400,8.4,Osaka
Ryogoku View Hotel,4570,8.4,Tokyo
Pension Le Passage - Vacation STAY 11300v,2413,9.7,Tottori
Sotetsu Fresa Inn Hamamatsucho Daimon,8575,8,Tokyo
2023APA Hotel Higashi Shinjuku Kabukicho Tower,2799,8.4,Shinjuku
Hotel Garden Square Shizuoka,2638.5,8.7,Shizuoka
Kakegawa REX HOTEL,1230,7.3,Shizuoka
APA Hotel and Resort Midosuji Hommachi Eki Tower,5824,8.5,Osaka
Tamai Bekkan,2787,8.1,Matsue
Centurion Hotel Classic Nara,7228,8.4,Nara
Shimizu City Hotel,1505,7.6,Shizuoka
Hotel Livemax Okayama,11759,7.3,Okayama
Tosei Hotel Cocone Ueno okachimachi,6309,8.9,Tokyo
Hotel Nishi In Fujisan,2991,8.5,Shizuoka
Hotel Balian Resort Chiba Chuo,3616,8.6,Chiba
Guest House Tatara - Vacation STAY 09688v,5067,5.5,Yonago
Regariain - Vacation STAY 84627,7091,8.8,Okayama
All Running Onsen Matsue City Hotel Honkan,1457,7.4,Matsue
IZU KUMAMOTO ISLAND,2938,8.7,Shizuoka
Hotel LiveMax Asakusa Ekimae,9538,7.3,Tokyo
2023Premier Hotel -CABIN - Shinjuku,2132,7.9,Shinjuku
Ichihara Inn Social Goi,1949,7.1,Chiba
The QUBE Hotel Chiba - Vacation STAY 02254v,5783,7.8,Chiba
APA Hotel Nihombashi Bakurocho-Ekikita,5359,8.6,Tokyo
Hotel Route inn Shinfujieki Minami,2574,8.5,Fuji
Yonago Universal Hotel,2314,6.8,Yonago
Hotel Listel Shinjuku,4053,7.5,Shinjuku
Guest House MEETS Okayama,2005,8.7,Okayama
Valie Hotel Hiroshima,2053,7.8,Hiroshima
IZU KUMAMOTO Southern Cross Hotel,2687,8.7,Shizuoka
Ichihara Inn Social Anesaki,2118,7.4,Chiba
Kaigarabushi No Sato Ryofuan,5574,7.8,Tottori
Daiwa Roynet Hotel Yokohama-Koen,5606,8.3,Yokohama
APA Hotel Keisei Ueno-Ekimae,11655,8.4,Tokyo
Sarasa Hotel Namba,2020,8.3,Osaka
ONSEN RYOKAN YUEN SHINJUKU,3793,8.6,Shinjuku
Garden Hotel Shizuoka,2000,8.4,Shizuoka
Kansuitei Kozeniya,7761,8.7,Tottori
Hotel Meriken Port Kobe Motomachi,1462,8.3,Kobe
Restay Okayama - Adult Only,2815,8.7,Okayama
Seaside Hotel Maiko Villa Kobe,7742,8.2,Kobe
Rakuten STAY Tokyo Asakusa,2319,7.3,Tokyo
Ryokan Fukumakan,3859,8.1,Matsue
Keio Prelia Hotel Kyoto Karasuma Gojo,8432,8.9,Kyoto
Dai-ichi Hotel Ryogoku,2861,8.2,Tokyo
Kur and Hotel Suruga,2331,8,Shizuoka
NARA Visitor Center and Inn,1784,9.4,Nara
Mitsui Garden Hotel Okayama,2650,8.4,Okayama
Hotel Select Inn Numazu,2049,7.8,Shizuoka
Kawasaki King Skyfront Tokyu REI Hotel,5403,8.7,Yokohama
Hotel Monterey Kyoto,7657,8.5,Kyoto
Hiromas Hostel Yokohama Chinatown,816,8.5,Yokohama
Hofu Grand Hotel,3001,7.7,Yamaguchi
Okura Chiba Hotel,3999,8.3,Chiba
KEIKYU EX INN Yokohama-Station East -Yokohama Water front,2304,7.8,Yokohama
Super Hotel Chiba Ekimae,2526,8.3,Chiba
Suzumaru Hotel,1212,7.7,Wakayama
Hotel Route Inn Yonago,3440,8.4,Yonago
APA Hotel Osaka Temmabashi Ekimae,2080,8.7,Osaka
Hotel Quest Shimizu,3128,8.4,Shizuoka
Yokohama Heiwa Plaza Hotel,4162,7.3,Yokohama
Drop Inn TOTTORI,1011,8.1,Tottori
Hotel Piena Kobe,6370,8.5,Kobe
Hotel Sunroute Chiba,3071,8.7,Chiba
APA Hotel & Resort Yokohama Bay Tower,9751,8.4,Yokohama
Guest House Hamada-en,1346,8.4,Tottori
Comfort Hotel Nara,3809,8.3,Nara
Akihabara Washington Hotel,2476,8.7,Tokyo
DEL style Osaka Shin Umeda by Daiwa Roynet Hotel,2280,8.6,Osaka
Onn Yuda Onsen,4827,8.8,Yamaguchi
Nara Guesthouse Kamunabi,1176,8.8,Nara
APA Hotel Fuji Chuo,1486,7.8,Fuji
Toyoko Inn Kintetsu Nara Ekimae,1935,8.2,Nara
